,gRNA,target,ssDNA_k,dsDNA_k
0,cctgctggtggctccagttc,gagtcaggggtctgtattttcctgctggtggctccagttcaggaacagtaaaccctgctc,10.027505603727654,1.341015450824226
1,ctgctggtggctccagttca,agtcaggggtctgtattttcctgctggtggctccagttcaggaacagtaaaccctgctcc,11.137106338120251,1.9131695932205988
2,ctgttcctgaactggagcca,aatattcggagcagggtttactgttcctgaactggagccaccagcaggaaaatacagacc,11.3029609975222,2.1904088934027968
3,tcttgttgacaagaatcctc,cgtgttacaggcggggtttttcttgttgacaagaatcctcacaataccgcagagtctaga,6.653683604971613,0.5679648300700877
4,cttgttgacaagaatcctca,gtgttacaggcggggtttttcttgttgacaagaatcctcacaataccgcagagtctagac,8.659327441252287,1.6368642334718662
5,ttgttgacaagaatcctcac,tgttacaggcggggtttttcttgttgacaagaatcctcacaataccgcagagtctagact,11.167627429285634,0.9009530691924257
6,ctagggggatcacccgtgtg,ggtggacttctctcaattttctagggggatcacccgtgtgtcttggccaaaattcgcagt,10.16349583993983,2.6135773573930416
7,tagggggatcacccgtgtgt,gtggacttctctcaattttctagggggatcacccgtgtgtcttggccaaaattcgcagtc,16.031800012947745,1.8793386753620167
8,gccaagacacacgggtgatc,gttggggactgcgaattttggccaagacacacgggtgatccccctagaaaattgagagaa,11.793161045803107,1.6406668278683187
9,ggccaagacacacgggtgat,ggttggggactgcgaattttggccaagacacacgggtgatccccctagaaaattgagaga,7.472013817466202,1.0143472634303603
10,tcctggttatcgctggatgt,acctcctgtcctccaatttgtcctggttatcgctggatgtgtctgcggcgttttatcata,18.415523029447588,1.2045312976450466
11,atcatattcctcttcatcct,ggatgtgtctgcggcgttttatcatattcctcttcatcctgctgctatgcctcatcttct,10.925583593746875,0.8447138430926451
12,tcatattcctcttcatcctg,gatgtgtctgcggcgttttatcatattcctcttcatcctgctgctatgcctcatcttctt,27.89007131242017,2.4806950176134697
13,tcctctaattccaggatcaa,caaggtatgttgcccgtttgtcctctaattccaggatcaacaacaaccagtacgggacca,16.29502461243011,1.6358096854860424
14,catggtcccgtactggttgt,caggagtcgtgcaggttttgcatggtcccgtactggttgttgttgatcctggaattagag,18.4657975158841,1.8750213663340725
15,gcatggtcccgtactggttg,gcaggagtcgtgcaggttttgcatggtcccgtactggttgttgttgatcctggaattaga,27.88029281547508,1.5453996220454902
16,tacagcaacatgagggaaac,atttccatccgtaggttttgtacagcaacatgagggaaacatagagttgccttgagcagg,14.906326120409618,1.0390884740082234
17,gtacagcaacatgagggaaa,aatttccatccgtaggttttgtacagcaacatgagggaaacatagagttgccttgagcag,29.614646687214627,1.6709304032960042
18,cctcatgttgctgtacaaaa,tcaaggcaactctatgtttccctcatgttgctgtacaaaacctacggatggaaattgcac,0.0,1.8791450456923537
19,catccgtaggttttgtacag,gggaatacaggtgcaatttccatccgtaggttttgtacagcaacatgagggaaacataga,20.694316447524585,1.7557549166334394
20,cgaaagcccaggacgatggg,ccactcccataggtattttgcgaaagcccaggacgatgggatgggaatacaggtgcaatt,15.216483587676162,1.3867696986396618
21,gcgaaagcccaggacgatgg,cccactcccataggtattttgcgaaagcccaggacgatgggatgggaatacaggtgcaat,12.400324526152442,0.7997075174624
22,gcaaaatacctatgggagtg,tcccatcgtcctgggctttcgcaaaatacctatgggagtgggcctcagtccgtttctctt,16.34550639063083,0.9862653511483164
23,tcttggctcagtttactagt,agtgggcctcagtccgtttctcttggctcagtttactagtgccatttgttcagtggttcg,18.521633619242557,0.7884225746199224
24,ctagtgccatttgttcagtg,gtttctcttggctcagtttactagtgccatttgttcagtggttcgtagggctttccccca,22.027232025940506,1.8226718216374134
25,ttcagtggttcgtagggctt,cagtttactagtgccatttgttcagtggttcgtagggctttcccccactgtttggctttc,43.82642872543356,1.2616501542363359
26,ccccactgtttggctttcag,cagtggttcgtagggctttcccccactgtttggctttcagctatatggatgatgtggtat,12.499402964277206,1.1309481373847385
27,gctttcagctatatggatga,gggctttcccccactgtttggctttcagctatatggatgatgtggtattgggggccaagt,28.098425633644744,2.6650932988141873
28,agctatatggatgatgtggt,tcccccactgtttggctttcagctatatggatgatgtggtattgggggccaagtctgtac,16.95282182507258,1.1720156790017158
29,taccgctgttaccaattttc,cagcatcgtgagtccctttataccgctgttaccaattttcttttgtctctgggtatacat,21.465312605011157,0.16672002518548
30,cttttgtctctgggtataca,ataccgctgttaccaattttcttttgtctctgggtatacatttaaaccctaacaaaacaa,14.68690066127968,0.7413043826902248
31,ttttgtctctgggtatacat,taccgctgttaccaattttcttttgtctctgggtatacatttaaaccctaacaaaacaaa,17.423214137968888,1.1111506659780033
32,aatgtatacccagagacaaa,accgctgttaccaattttcttttgtctctgggtatacatttaaaccctaacaaaacaaaa,0.0,1.6250503413602642
33,gtctctgggtatacatttaa,gctgttaccaattttcttttgtctctgggtatacatttaaaccctaacaaaacaaaaaga,0.0,1.986696904358507
34,tctctgggtatacatttaaa,ctgttaccaattttcttttgtctctgggtatacatttaaaccctaacaaaacaaaaagat,12.987417518098209,1.4569534196074152
35,ttagggtttaaatgtatacc,aaccccatctttttgttttgttagggtttaaatgtatacccagagacaaaagaaaattgg,0.0,1.3369414951974141
36,gttagggtttaaatgtatac,taaccccatctttttgttttgttagggtttaaatgtatacccagagacaaaagaaaattg,22.410603008658377,1.8621910005745463
37,ttttgttagggtttaaatgt,ggaataaccccatctttttgttttgttagggtttaaatgtatacccagagacaaaagaaa,19.745744405077943,1.8026029204177854
38,gttttgttagggtttaaatg,gggaataaccccatctttttgttttgttagggtttaaatgtatacccagagacaaaagaa,17.684965987038893,1.471925017878424
39,tgttttgttagggtttaaat,agggaataaccccatctttttgttttgttagggtttaaatgtatacccagagacaaaaga,18.387413529080394,1.6698822594548288
40,aaccctaacaaaacaaaaag,tgtctctgggtatacatttaaaccctaacaaaacaaaaagatggggttattccctaaact,17.71676117447336,2.1842435736693986
41,gggaataaccccatcttttt,tatgtaacccatgaagtttagggaataaccccatctttttgttttgttagggtttaaatg,11.126313022530843,0.8335827737648225
42,tacaatatgatcctgtggca,aaacagtgtttgatcttttgtacaatatgatcctgtggcaatgttccccaacttccaatt,17.864873949289738,1.7388437638915026
43,gtacaatatgatcctgtggc,aaaacagtgtttgatcttttgtacaatatgatcctgtggcaatgttccccaacttccaat,16.90155165886405,1.7187515833978773
44,atcttttgtacaatatgatc,gttttctaaaacagtgtttgatcttttgtacaatatgatcctgtggcaatgttccccaac,28.586079082887505,1.8204011497039625
45,taaaacagtgtttgatcttt,cctgttaacaggaagttttctaaaacagtgtttgatcttttgtacaatatgatcctgtgg,17.761714875039292,1.134796864308969
46,ctaaaacagtgtttgatctt,gcctgttaacaggaagttttctaaaacagtgtttgatcttttgtacaatatgatcctgtg,12.631741136588957,1.1768924841889548
47,agaaaacttcctgttaacag,aaaagatcaaacactgttttagaaaacttcctgttaacaggcctattgattggaaagtat,19.392527844801933,3.4245249693671154
48,gaaaacttcctgttaacagg,aaagatcaaacactgttttagaaaacttcctgttaacaggcctattgattggaaagtatg,17.683722696507555,1.1998319428965476
49,caatcaataggcctgttaac,caattctttgacatactttccaatcaataggcctgttaacaggaagttttctaaaacagt,4.6558365928141,1.2033960516467204
50,acatactttccaatcaatag,aaaagacccacaattctttgacatactttccaatcaataggcctgttaacaggaagtttt,26.357632936858295,1.8586724133974215
51,gggctttgctgctccattta,caaagaattgtgggtcttttgggctttgctgctccatttacacaatgtggatatcctgcc,12.171240878494224,1.7531308400020416
52,ggctttgctgctccatttac,aaagaattgtgggtcttttgggctttgctgctccatttacacaatgtggatatcctgcct,18.31509121407788,1.727669492293615
53,ctgctccatttacacaatgt,tgtgggtcttttgggctttgctgctccatttacacaatgtggatatcctgccttaatgcc,20.552901241010524,1.0972872579559563
54,cacaatgtggatatcctgcc,tgctgctccatttacacaatgtggatatcctgccttaatgcctttgtatgcatgtataca,19.206067137468665,1.3746612458583036
55,gcttgtatacatgcatacaa,agaaagtgaaagcctgtttagcttgtatacatgcatacaaaggcattaaggcaggatatc,13.121990806339863,1.1831360732041938
56,tatgcatgtatacaagctaa,atcctgccttaatgcctttgtatgcatgtatacaagctaaacaggctttcactttctcgc,14.61412926601661,1.9900245393715927
57,actttctcgccaacttacaa,tacaagctaaacaggctttcactttctcgccaacttacaaggcctttctaagtaaacagt,13.399364797476792,0.842355078003816
58,tcgccaacttacaaggcctt,ctaaacaggctttcactttctcgccaacttacaaggcctttctaagtaaacagtacatga,9.155513474334724,0.8253386734116961
59,cttagaaaggccttgtaagt,aaaggttcatgtactgtttacttagaaaggccttgtaagttggcgagaaagtgaaagcct,18.233810646335712,1.9477947904514479
60,taagtaaacagtacatgaac,gccaacttacaaggcctttctaagtaaacagtacatgaacctttaccccgttgctcggca,22.83451412875236,1.6898603896793825
61,ccccgttgctcggcaacggc,aaacagtacatgaacctttaccccgttgctcggcaacggcctggtctgtgccaagtgttt,1.8453753437466192,0.0
62,ctgacgcaacccccactggc,tggtctgtgccaagtgtttgctgacgcaacccccactggctggggcttggccataggcca,13.533831732667421,1.3789528520037857
63,tggctcctctgccgatccat,gcgcatgcgtggaacctttgtggctcctctgccgatccatactgcggaactcctagccgc,6.202825514061336,0.3709765660853023
64,ctccagaccggctgcgagca,gtcagttccgatgagctttgctccagaccggctgcgagcaaaacaagcggctaggagttc,8.558686830386428,0.9998966535019189
65,gctcgcagccggtctggagc,aactcctagccgcttgttttgctcgcagccggtctggagcaaagctcatcggaactgaca,10.146205757619125,0.8607991263605408
66,ctcgcagccggtctggagca,actcctagccgcttgttttgctcgcagccggtctggagcaaagctcatcggaactgacaa,15.944918527445274,1.3137346688434883
67,cgcgagaggacgacagaatt,atggaaacgatgtatatttccgcgagaggacgacagaattgtcagttccgatgagctttg,17.552117898299198,1.060218278929555
68,catggctgctaggctgtact,gcggaaatatacatcgtttccatggctgctaggctgtactgccaactggatccttcgcgg,20.885190292472757,2.5678958481408114
69,tttacgtcccgtcggcgctg,ccttcgcgggacgtcctttgtttacgtcccgtcggcgctgaatcccgcggacgacccctc,13.081962705936315,1.1258116141296155
70,cgtcccgtcggcgctgaatc,cgcgggacgtcctttgtttacgtcccgtcggcgctgaatcccgcggacgacccctctcgg,11.045393670581102,2.305334293963159
71,cgcggtctccccgtctgtgc,acggggcgcacctctctttacgcggtctccccgtctgtgccttctcatctgccggtccgt,18.694447439833624,1.8574277371480732
72,aagtaggcctcaaggtcggt,ccttaaacacacagtctttgaagtaggcctcaaggtcggtcgttgacattgctgggagtc,17.988644942438974,2.517563456630412
73,aggactgggaggagctgggg,cttcaaagactgtgtgtttaaggactgggaggagctgggggaggagattaggttaaaggt,19.38645956778658,1.6555549596137662
74,acctaatctcctcccccagc,tcctaatacaaagacctttaacctaatctcctcccccagctcctcccagtccttaaacac,19.92042001436033,1.6685902550744718
75,tgcctacagcctcctaatac,ctggtgcgcagaccaatttatgcctacagcctcctaatacaaagacctttaacctaatct,24.347983713578273,1.260850073361722
76,tattaggaggctgtaggcat,gattaggttaaaggtctttgtattaggaggctgtaggcataaattggtctgcgcaccagc,16.2072435298638,1.4260872717673003
77,tcacctctgcctaatcatct,accagcaccatgcaactttttcacctctgcctaatcatctcttgtacatgtcccactgtt,18.5265694590745,0.7898264456024756
78,cacctctgcctaatcatctc,ccagcaccatgcaactttttcacctctgcctaatcatctcttgtacatgtcccactgttc,20.90154763849843,1.6475713067379636
79,acctctgcctaatcatctct,cagcaccatgcaactttttcacctctgcctaatcatctcttgtacatgtcccactgttca,24.50233908921006,1.621467448463132
80,gggcatggacattgaccctt,ctgtgccttgggtggctttggggcatggacattgacccttataaagaatttggagctact,9.746650913969123,1.062596200573494
81,taagggtcaatgtccatgcc,cagtagctccaaattctttataagggtcaatgtccatgccccaaagccacccaaggcaca,11.899605094924489,0.9720292455677614
82,gagctactgtggagttactc,tgacccttataaagaatttggagctactgtggagttactctcgtttttgccttctgactt,1.5434331485210968,0.40233004354734564
83,tgccttctgacttctttcct,tgtggagttactctcgtttttgccttctgacttctttccttccgtcagagatctcctaga,9.355667036115214,0.0
84,gccttctgacttctttcctt,gtggagttactctcgtttttgccttctgacttctttccttccgtcagagatctcctagac,14.138171926131427,0.7431582039336782
85,ccttctgacttctttccttc,tggagttactctcgtttttgccttctgacttctttccttccgtcagagatctcctagaca,13.292852203153359,0.61576648271083
86,cttccgtcagagatctccta,tttgccttctgacttctttccttccgtcagagatctcctagacaccgcctcagctctgta,11.274749298788606,0.0
87,gaagatccagcatccaggga,cctgggtgggtaataatttggaagatccagcatccagggatctagtagtcaattatgtta,18.066649368654268,2.205950157008911
88,aacccatgttagtattaaca,caatagttgcctgatctttaaacccatgttagtattaacataattgactactagatccct,13.564620745593025,1.6586329363408732
89,aagatcaggcaactattgtg,ttaatactaacatgggtttaaagatcaggcaactattgtggtttcatatatcttgcctta,24.363915158541737,1.3726291417848198
90,atatatcttgccttactttt,caggcaactattgtggtttcatatatcttgccttacttttggaagagagactgtacttga,13.425630983001067,1.516326196373989
91,ggaagagagactgtacttga,atatatcttgccttacttttggaagagagactgtacttgaatatttggtctctttcggag,15.30042188928228,1.4608033204343065
92,gaagagagactgtacttgaa,tatatcttgccttacttttggaagagagactgtacttgaatatttggtctctttcggagt,18.638438862404037,1.3476755297772054
93,gtctctttcggagtgtggat,agactgtacttgaatatttggtctctttcggagtgtggattcgcactcctccagcctata,19.59915708591109,0.8512825344099653
94,ggagtgtggattcgcactcc,ttgaatatttggtctctttcggagtgtggattcgcactcctccagcctatagaccaccaa,0.7254065339765077,0.4664411539044122
95,gtggtctataggctggagga,tgataagataggggcatttggtggtctataggctggaggagtgcgaatccacactccgaa,17.9472259469105,2.2630491346988606
96,cggaagtgttgataagatag,cgtctaacaacagtagtttccggaagtgttgataagataggggcatttggtggtctatag,26.600382839545492,2.402692186837544
97,ccaccttatgagtccaagga,ataaagcccagtaaagtttcccaccttatgagtccaaggaatactaacattgagattccc,19.011279437673302,1.627953249411875
98,ctgggctttattcctctaca,tcataaggtgggaaactttactgggctttattcctctacagtacctatctttaatcctga,10.634800983594694,0.9105182288997712
99,ttcctctacagtacctatct,ggaaactttactgggctttattcctctacagtacctatctttaatcctgaatggcaaact,32.84267312749835,2.585066293311238
100,ccattcaggattaaagatag,ttaggaaaggaaggagtttgccattcaggattaaagataggtactgtagaggaataaagc,19.64930239353081,1.3358206889441409
101,atcctgaatggcaaactcct,ctctacagtacctatctttaatcctgaatggcaaactccttcctttcctaagattcattt,8.164620500959222,0.766371798424604
102,ctaagattcatttacaagag,atggcaaactccttcctttcctaagattcatttacaagaggacattattaataggtgtca,23.37431731114831,1.570172462903647
103,caagaggacattattaatag,cctttcctaagattcatttacaagaggacattattaataggtgtcaacaatttgtgggcc,22.98638452224296,1.6469216857075586
104,cagtgagagggcccacaaat,caatcttctcttttcatttacagtgagagggcccacaaattgttgacacctattaataat,11.427265675273322,1.7617463771379704
105,tgggccctctcactgtaaat,taataggtgtcaacaatttgtgggccctctcactgtaaatgaaaagagaagattgaaatt,21.20679689436856,1.7689081679746426
106,atttacagtgagagggccca,aatttcaatcttctcttttcatttacagtgagagggcccacaaattgttgacacctatta,15.348615199346444,2.0280135967929627
107,catttacagtgagagggccc,taatttcaatcttctcttttcatttacagtgagagggcccacaaattgttgacacctatt,12.342522844084385,1.126716433593675
108,aatcttctcttttcatttac,tagcaggcataattaatttcaatcttctcttttcatttacagtgagagggcccacaaatt,15.664489306658538,1.2511312776455863
109,gtgtgggtaggatagaatct,tgtctaagggcaaatatttagtgtgggtaggatagaatctagcaggcataattaatttca,14.215486494096648,0.639854395666631
110,tctaagggcaaatatttagt,aataaggtttaattcctttgtctaagggcaaatatttagtgtgggtaggatagaatctag,22.21603363239918,1.1843943523532976
111,attcctttgtctaagggcaa,gatctggataataaggtttaattcctttgtctaagggcaaatatttagtgtgggtaggat,19.300141428754593,0.8253962135362349
112,cccttagacaaaggaattaa,ctacccacactaaatatttgcccttagacaaaggaattaaaccttattatccagatcagg,12.911943152084564,1.1991514704444481
113,gaagtaatgattaactacct,tgtaaataatgtctggtttggaagtaatgattaactacctgatctggataataaggttta,14.04980390561158,1.3905856602688922
114,catactctttggaaggctgg,tccaaaccagacattatttacatactctttggaaggctggtattctatataagagggaaa,25.493025525650296,1.783054991257016
115,gaaggctggtattctatata,cattatttacatactctttggaaggctggtattctatataagagggaaaccacacgtagc,24.87227994280254,1.7975284229433433
116,cctcttatatagaataccag,gatgcgctacgtgtggtttccctcttatatagaataccagccttccaaagagtatgtaaa,7.441563654873036,0.5608451164825974
117,gcgggtcaccatattcttgg,cacacgtagcgcatcattttgcgggtcaccatattcttgggaacaagagctacagcatgg,18.007022746460542,0.6913811309774114
118,cgggtcaccatattcttggg,acacgtagcgcatcattttgcgggtcaccatattcttgggaacaagagctacagcatggg,25.787048374116733,0.635816500316932
119,atgaccaacctcccatgctg,catgcctttgcgaggttttgatgaccaacctcccatgctgtagctcttgttcccaagaat,16.384061266583934,0.7573179253224891
120,gatgaccaacctcccatgct,ccatgcctttgcgaggttttgatgaccaacctcccatgctgtagctcttgttcccaagaa,0.0,0.0
121,cgaggttttgatgaccaacc,gattcgtccccatgcctttgcgaggttttgatgaccaacctcccatgctgtagctcttgt,0.0,0.0
122,tgttcccaaccctctgggat,ggcatggggacgaatctttctgttcccaaccctctgggattctttcccgatcatcagttg,0.0,0.0
123,ccgatcatcagttggaccct,caaccctctgggattctttcccgatcatcagttggaccctgcattcggagccaactcaaa,0.0,0.0
124,agttggctccgaatgcaggg,gtcccaatctggattgtttgagttggctccgaatgcagggtccaactgatgatcgggaaa,19.649851404065537,1.3189723701100682
125,ggggtggagccctcaggctc,cctccacacggcggtattttggggtggagccctcaggctcagggcatattgaccacagtg,15.820756343106552,0.3270712160948773
126,gggtggagccctcaggctca,ctccacacggcggtattttggggtggagccctcaggctcagggcatattgaccacagtgt,9.016376731464053,0.6208586312369294
